{
  "index.html": 1638763566000,
  "controller/Worklist.controller.js": 1638763566000,
  "model/models.js": 1638763566000,
  "model/formatter.js": 1638763566000,
  "manifest.json": 1643651175538,
  "controller/Object.controller.js": 1638763566000,
  "controller/NotFound.controller.js": 1638763566000,
  "controller/ErrorHandler.js": 1638763566000,
  "controller/BaseController.js": 1638763566000,
  "controller/App.controller.js": 1638763566000,
  "Component.js": 1638763566000,
  "manifest-bundle.zip": 1643651175555,
  "Component-preload.js": 1643651175984,
  "model/models-dbg.js": 1638763566000,
  "model/formatter-dbg.js": 1638763566000,
  "controller/Worklist-dbg.controller.js": 1638763566000,
  "controller/Object-dbg.controller.js": 1638763566000,
  "controller/NotFound-dbg.controller.js": 1638763566000,
  "controller/ErrorHandler-dbg.js": 1638763566000,
  "controller/BaseController-dbg.js": 1638763566000,
  "controller/App-dbg.controller.js": 1638763566000,
  "Component-dbg.js": 1638763566000,
  "view/Worklist.view.xml": 1638763566000,
  "view/ObjectNotFound.view.xml": 1638763566000,
  "view/Object.view.xml": 1638763566000,
  "view/NotFound.view.xml": 1638763566000,
  "view/App.view.xml": 1638763566000,
  "i18n/i18n.properties": 1638763566000
}